CatalogObjectService.java,org.ow2.proactive.catalog.service.CatalogObjectService,null,buildCatalogObjectRevisionEntity,206,NO_COVERAGE,none
CatalogObjectService.java,org.ow2.proactive.catalog.service.CatalogObjectService,null,buildMetadataWithLink,252,NO_COVERAGE,none
CatalogObjectService.java,org.ow2.proactive.catalog.service.CatalogObjectService,null,createCatalogObject,160,NO_COVERAGE,none
CatalogObjectService.java,org.ow2.proactive.catalog.service.CatalogObjectService,null,createCatalogObject,106,NO_COVERAGE,none
CatalogObjectService.java,org.ow2.proactive.catalog.service.CatalogObjectService,null,createCatalogObjectRevision,301,NO_COVERAGE,none
CatalogObjectService.java,org.ow2.proactive.catalog.service.CatalogObjectService,null,createCatalogObjectRevision,295,NO_COVERAGE,none
CatalogObjectService.java,org.ow2.proactive.catalog.service.CatalogObjectService,null,createCatalogObjects,118,NO_COVERAGE,none
CatalogObjectService.java,org.ow2.proactive.catalog.service.CatalogObjectService,null,createGenericInfoBucketData,238,NO_COVERAGE,none
CatalogObjectService.java,org.ow2.proactive.catalog.service.CatalogObjectService,void,delete,275,NO_COVERAGE,none
CatalogObjectService.java,org.ow2.proactive.catalog.service.CatalogObjectService,null,findBucketByNameAndCheck,186,NO_COVERAGE,none
CatalogObjectService.java,org.ow2.proactive.catalog.service.CatalogObjectService,null,findCatalogObjectByNameAndBucketAndCheck,194,NO_COVERAGE,none
CatalogObjectService.java,org.ow2.proactive.catalog.service.CatalogObjectService,null,getCatalogObjectMetadata,284,NO_COVERAGE,none
CatalogObjectService.java,org.ow2.proactive.catalog.service.CatalogObjectService,null,getCatalogObjectRevision,328,NO_COVERAGE,none
CatalogObjectService.java,org.ow2.proactive.catalog.service.CatalogObjectService,null,getCatalogObjectRevisionEntityByCommitTime,368,NO_COVERAGE,none
CatalogObjectService.java,org.ow2.proactive.catalog.service.CatalogObjectService,null,getCatalogObjectRevisionRaw,337,NO_COVERAGE,none
CatalogObjectService.java,org.ow2.proactive.catalog.service.CatalogObjectService,null,getCatalogObjectsAsZipArchive,264,NO_COVERAGE,none
CatalogObjectService.java,org.ow2.proactive.catalog.service.CatalogObjectService,null,getCatalogRawObject,288,NO_COVERAGE,none
CatalogObjectService.java,org.ow2.proactive.catalog.service.CatalogObjectService,"",getFileMimeType,144,NO_COVERAGE,none
CatalogObjectService.java,org.ow2.proactive.catalog.service.CatalogObjectService,"A",getFileMimeType,144,NO_COVERAGE,none
CatalogObjectService.java,org.ow2.proactive.catalog.service.CatalogObjectService,null,getFileMimeType,144,NO_COVERAGE,none
CatalogObjectService.java,org.ow2.proactive.catalog.service.CatalogObjectService,null,listCatalogObjectRevisions,318,NO_COVERAGE,none
CatalogObjectService.java,org.ow2.proactive.catalog.service.CatalogObjectService,null,listCatalogObjects,245,NO_COVERAGE,none
CatalogObjectService.java,org.ow2.proactive.catalog.service.CatalogObjectService,null,listCatalogObjectsByKind,256,NO_COVERAGE,none
CatalogObjectService.java,org.ow2.proactive.catalog.service.CatalogObjectService,null,restore,346,NO_COVERAGE,none
WorkflowParser.java,org.ow2.proactive.catalog.util.parser.WorkflowParser,false,allElementHandled,304,NO_COVERAGE,none
WorkflowParser.java,org.ow2.proactive.catalog.util.parser.WorkflowParser,true,allElementHandled,304,NO_COVERAGE,none
WorkflowParser.java,org.ow2.proactive.catalog.util.parser.WorkflowParser,false,checkIfNotEmpty,284,NO_COVERAGE,none
WorkflowParser.java,org.ow2.proactive.catalog.util.parser.WorkflowParser,true,checkIfNotEmpty,284,NO_COVERAGE,none
WorkflowParser.java,org.ow2.proactive.catalog.util.parser.WorkflowParser,false,checkIfNotNull,279,NO_COVERAGE,none
WorkflowParser.java,org.ow2.proactive.catalog.util.parser.WorkflowParser,true,checkIfNotNull,279,NO_COVERAGE,none
WorkflowParser.java,org.ow2.proactive.catalog.util.parser.WorkflowParser,void,handleDescriptionElement,235,NO_COVERAGE,none
WorkflowParser.java,org.ow2.proactive.catalog.util.parser.WorkflowParser,void,handleElementWithMultipleValues,268,NO_COVERAGE,none
WorkflowParser.java,org.ow2.proactive.catalog.util.parser.WorkflowParser,void,handleGenericInformationElement,206,NO_COVERAGE,none
WorkflowParser.java,org.ow2.proactive.catalog.util.parser.WorkflowParser,void,handleJobElement,217,NO_COVERAGE,none
WorkflowParser.java,org.ow2.proactive.catalog.util.parser.WorkflowParser,void,handleVariableElement,249,NO_COVERAGE,none
WorkflowParser.java,org.ow2.proactive.catalog.util.parser.WorkflowParser,null,orderedSearch,289,NO_COVERAGE,none
WorkflowParser.java,org.ow2.proactive.catalog.util.parser.WorkflowParser,null,parse,129,NO_COVERAGE,none
KeyValueLabelMetadataHelper.java,org.ow2.proactive.catalog.service.KeyValueLabelMetadataHelper,null,convertFromEntity,92,NO_COVERAGE,none
KeyValueLabelMetadataHelper.java,org.ow2.proactive.catalog.service.KeyValueLabelMetadataHelper,null,convertToEntity,70,NO_COVERAGE,none
KeyValueLabelMetadataHelper.java,org.ow2.proactive.catalog.service.KeyValueLabelMetadataHelper,null,createKeyValueLabelMetadataEntity,140,NO_COVERAGE,none
KeyValueLabelMetadataHelper.java,org.ow2.proactive.catalog.service.KeyValueLabelMetadataHelper,null,createSimpleImmutableEntry,145,NO_COVERAGE,none
KeyValueLabelMetadataHelper.java,org.ow2.proactive.catalog.service.KeyValueLabelMetadataHelper,null,extractKeyValuesFromRaw,84,NO_COVERAGE,none
KeyValueLabelMetadataHelper.java,org.ow2.proactive.catalog.service.KeyValueLabelMetadataHelper,null,getOnlyGenericInformation,75,NO_COVERAGE,none
KeyValueLabelMetadataHelper.java,org.ow2.proactive.catalog.service.KeyValueLabelMetadataHelper,false,isGenericInformation,79,NO_COVERAGE,none
KeyValueLabelMetadataHelper.java,org.ow2.proactive.catalog.service.KeyValueLabelMetadataHelper,true,isGenericInformation,79,NO_COVERAGE,none
KeyValueLabelMetadataHelper.java,org.ow2.proactive.catalog.service.KeyValueLabelMetadataHelper,null,replaceMetadataRelatedGenericInfoAndKeepOthers,106,NO_COVERAGE,none
KeyValueLabelMetadataHelper.java,org.ow2.proactive.catalog.service.KeyValueLabelMetadataHelper,null,replaceOrAddGenericInfoKey,126,NO_COVERAGE,none
KeyValueLabelMetadataHelper.java,org.ow2.proactive.catalog.service.KeyValueLabelMetadataHelper,null,toMap,96,NO_COVERAGE,none
Application.java,org.ow2.proactive.catalog.Application,null,allowedPaths,183,NO_COVERAGE,none
Application.java,org.ow2.proactive.catalog.Application,null,apiInfo,172,NO_COVERAGE,none
Application.java,org.ow2.proactive.catalog.Application,void,configureContentNegotiation,99,NO_COVERAGE,none
Application.java,org.ow2.proactive.catalog.Application,null,createMemDataSource,133,NO_COVERAGE,none
Application.java,org.ow2.proactive.catalog.Application,null,defaultDataSource,111,NO_COVERAGE,none
Application.java,org.ow2.proactive.catalog.Application,"",getDatabaseDirectory,140,NO_COVERAGE,none
Application.java,org.ow2.proactive.catalog.Application,"A",getDatabaseDirectory,140,NO_COVERAGE,none
Application.java,org.ow2.proactive.catalog.Application,null,getDatabaseDirectory,140,NO_COVERAGE,none
Application.java,org.ow2.proactive.catalog.Application,void,main,94,NO_COVERAGE,none
Application.java,org.ow2.proactive.catalog.Application,null,multipartResolver,152,NO_COVERAGE,none
Application.java,org.ow2.proactive.catalog.Application,null,workflowCatalogApi,160,NO_COVERAGE,none
LinkUtil.java,org.ow2.proactive.catalog.util.LinkUtil,null,createLink,89,NO_COVERAGE,none
LinkUtil.java,org.ow2.proactive.catalog.util.LinkUtil,null,createLink,66,NO_COVERAGE,none
LinkUtil.java,org.ow2.proactive.catalog.util.LinkUtil,null,createRelativeLink,132,NO_COVERAGE,none
LinkUtil.java,org.ow2.proactive.catalog.util.LinkUtil,null,createRelativeLink,111,NO_COVERAGE,none
LinkUtil.java,org.ow2.proactive.catalog.util.LinkUtil,"",encodeUrl,182,NO_COVERAGE,none
LinkUtil.java,org.ow2.proactive.catalog.util.LinkUtil,"A",encodeUrl,182,NO_COVERAGE,none
LinkUtil.java,org.ow2.proactive.catalog.util.LinkUtil,null,encodeUrl,182,NO_COVERAGE,none
LinkUtil.java,org.ow2.proactive.catalog.util.LinkUtil,"",linkTo,162,NO_COVERAGE,none
LinkUtil.java,org.ow2.proactive.catalog.util.LinkUtil,"A",linkTo,162,NO_COVERAGE,none
LinkUtil.java,org.ow2.proactive.catalog.util.LinkUtil,null,linkTo,162,NO_COVERAGE,none
JMXCredentials.java,org.ow2.proactive.catalog.util.parser.pcw.rule.model.JMXCredentials,false,canEqual,35,NO_COVERAGE,none
JMXCredentials.java,org.ow2.proactive.catalog.util.parser.pcw.rule.model.JMXCredentials,true,canEqual,35,NO_COVERAGE,none
JMXCredentials.java,org.ow2.proactive.catalog.util.parser.pcw.rule.model.JMXCredentials,false,equals,35,NO_COVERAGE,none
JMXCredentials.java,org.ow2.proactive.catalog.util.parser.pcw.rule.model.JMXCredentials,true,equals,35,NO_COVERAGE,none
JMXCredentials.java,org.ow2.proactive.catalog.util.parser.pcw.rule.model.JMXCredentials,void,validateCredentials,49,NO_COVERAGE,none
JMXCredentials.java,org.ow2.proactive.catalog.util.parser.pcw.rule.model.JMXCredentials,false,verifyClearCredentials,59,NO_COVERAGE,none
JMXCredentials.java,org.ow2.proactive.catalog.util.parser.pcw.rule.model.JMXCredentials,true,verifyClearCredentials,59,NO_COVERAGE,none
JMXCredentials.java,org.ow2.proactive.catalog.util.parser.pcw.rule.model.JMXCredentials,false,verifyFileCredentials,55,NO_COVERAGE,none
JMXCredentials.java,org.ow2.proactive.catalog.util.parser.pcw.rule.model.JMXCredentials,true,verifyFileCredentials,55,NO_COVERAGE,none
AbstractSpecification.java,org.ow2.proactive.catalog.repository.specification.AbstractSpecification,false,canEqual,55,NO_COVERAGE,none
AbstractSpecification.java,org.ow2.proactive.catalog.repository.specification.AbstractSpecification,true,canEqual,55,NO_COVERAGE,none
AbstractSpecification.java,org.ow2.proactive.catalog.repository.specification.AbstractSpecification,false,equals,55,NO_COVERAGE,none
AbstractSpecification.java,org.ow2.proactive.catalog.repository.specification.AbstractSpecification,true,equals,55,NO_COVERAGE,none
AbstractSpecification.java,org.ow2.proactive.catalog.repository.specification.AbstractSpecification,null,getOrCreateJoin,92,NO_COVERAGE,none
AbstractSpecification.java,org.ow2.proactive.catalog.repository.specification.AbstractSpecification,void,initBucketJoin,87,NO_COVERAGE,none
AbstractSpecification.java,org.ow2.proactive.catalog.repository.specification.AbstractSpecification,void,initCatalogObjectJoin,70,NO_COVERAGE,none
AbstractSpecification.java,org.ow2.proactive.catalog.repository.specification.AbstractSpecification,void,initMetadataJoin,82,NO_COVERAGE,none
AbstractSpecification.java,org.ow2.proactive.catalog.repository.specification.AbstractSpecification,null,toPredicate,106,NO_COVERAGE,none
CatalogObjectNameWhereArgs.java,org.ow2.proactive.catalog.graphql.bean.argument.CatalogObjectNameWhereArgs$CatalogObjectNameWhereArgsBuilder,null,build,43,NO_COVERAGE,none
CatalogObjectNameWhereArgs.java,org.ow2.proactive.catalog.graphql.bean.argument.CatalogObjectNameWhereArgs$CatalogObjectNameWhereArgsBuilder,null,eq,43,NO_COVERAGE,none
CatalogObjectNameWhereArgs.java,org.ow2.proactive.catalog.graphql.bean.argument.CatalogObjectNameWhereArgs$CatalogObjectNameWhereArgsBuilder,null,gt,43,NO_COVERAGE,none
CatalogObjectNameWhereArgs.java,org.ow2.proactive.catalog.graphql.bean.argument.CatalogObjectNameWhereArgs$CatalogObjectNameWhereArgsBuilder,null,gte,43,NO_COVERAGE,none
CatalogObjectNameWhereArgs.java,org.ow2.proactive.catalog.graphql.bean.argument.CatalogObjectNameWhereArgs$CatalogObjectNameWhereArgsBuilder,null,like,43,NO_COVERAGE,none
CatalogObjectNameWhereArgs.java,org.ow2.proactive.catalog.graphql.bean.argument.CatalogObjectNameWhereArgs$CatalogObjectNameWhereArgsBuilder,null,lt,43,NO_COVERAGE,none
CatalogObjectNameWhereArgs.java,org.ow2.proactive.catalog.graphql.bean.argument.CatalogObjectNameWhereArgs$CatalogObjectNameWhereArgsBuilder,null,lte,43,NO_COVERAGE,none
CatalogObjectNameWhereArgs.java,org.ow2.proactive.catalog.graphql.bean.argument.CatalogObjectNameWhereArgs$CatalogObjectNameWhereArgsBuilder,null,ne,43,NO_COVERAGE,none
CatalogObjectNameWhereArgs.java,org.ow2.proactive.catalog.graphql.bean.argument.CatalogObjectNameWhereArgs$CatalogObjectNameWhereArgsBuilder,null,notLike,43,NO_COVERAGE,none
CatalogQueryLanguageParser.java,org.ow2.proactive.catalog.rest.query.parser.CatalogQueryLanguageParser$KeyValueClauseContext,null,AttributeLiteral,298,NO_COVERAGE,none
CatalogQueryLanguageParser.java,org.ow2.proactive.catalog.rest.query.parser.CatalogQueryLanguageParser$KeyValueClauseContext,null,LPAREN,299,NO_COVERAGE,none
CatalogQueryLanguageParser.java,org.ow2.proactive.catalog.rest.query.parser.CatalogQueryLanguageParser$KeyValueClauseContext,null,PAIR_SEPARATOR,304,NO_COVERAGE,none
CatalogQueryLanguageParser.java,org.ow2.proactive.catalog.rest.query.parser.CatalogQueryLanguageParser$KeyValueClauseContext,null,RPAREN,305,NO_COVERAGE,none
CatalogQueryLanguageParser.java,org.ow2.proactive.catalog.rest.query.parser.CatalogQueryLanguageParser$KeyValueClauseContext,null,StringLiteral,300,NO_COVERAGE,none
CatalogQueryLanguageParser.java,org.ow2.proactive.catalog.rest.query.parser.CatalogQueryLanguageParser$KeyValueClauseContext,null,StringLiteral,302,NO_COVERAGE,none
CatalogQueryLanguageParser.java,org.ow2.proactive.catalog.rest.query.parser.CatalogQueryLanguageParser$KeyValueClauseContext,null,accept,317,NO_COVERAGE,none
CatalogQueryLanguageParser.java,org.ow2.proactive.catalog.rest.query.parser.CatalogQueryLanguageParser$KeyValueClauseContext,void,enterRule,309,NO_COVERAGE,none
CatalogQueryLanguageParser.java,org.ow2.proactive.catalog.rest.query.parser.CatalogQueryLanguageParser$KeyValueClauseContext,void,exitRule,313,NO_COVERAGE,none
CatalogObjectKindWhereArgs.java,org.ow2.proactive.catalog.graphql.bean.argument.CatalogObjectKindWhereArgs$CatalogObjectKindWhereArgsBuilder,null,build,43,NO_COVERAGE,none
CatalogObjectKindWhereArgs.java,org.ow2.proactive.catalog.graphql.bean.argument.CatalogObjectKindWhereArgs$CatalogObjectKindWhereArgsBuilder,null,eq,43,NO_COVERAGE,none
CatalogObjectKindWhereArgs.java,org.ow2.proactive.catalog.graphql.bean.argument.CatalogObjectKindWhereArgs$CatalogObjectKindWhereArgsBuilder,null,gt,43,NO_COVERAGE,none
CatalogObjectKindWhereArgs.java,org.ow2.proactive.catalog.graphql.bean.argument.CatalogObjectKindWhereArgs$CatalogObjectKindWhereArgsBuilder,null,gte,43,NO_COVERAGE,none
CatalogObjectKindWhereArgs.java,org.ow2.proactive.catalog.graphql.bean.argument.CatalogObjectKindWhereArgs$CatalogObjectKindWhereArgsBuilder,null,like,43,NO_COVERAGE,none
CatalogObjectKindWhereArgs.java,org.ow2.proactive.catalog.graphql.bean.argument.CatalogObjectKindWhereArgs$CatalogObjectKindWhereArgsBuilder,null,lt,43,NO_COVERAGE,none
CatalogObjectKindWhereArgs.java,org.ow2.proactive.catalog.graphql.bean.argument.CatalogObjectKindWhereArgs$CatalogObjectKindWhereArgsBuilder,null,lte,43,NO_COVERAGE,none
CatalogObjectKindWhereArgs.java,org.ow2.proactive.catalog.graphql.bean.argument.CatalogObjectKindWhereArgs$CatalogObjectKindWhereArgsBuilder,null,ne,43,NO_COVERAGE,none
CatalogObjectKindWhereArgs.java,org.ow2.proactive.catalog.graphql.bean.argument.CatalogObjectKindWhereArgs$CatalogObjectKindWhereArgsBuilder,null,notLike,43,NO_COVERAGE,none
PCWRuleParser.java,org.ow2.proactive.catalog.util.parser.PCWRuleParser,null,checkAndGetPollConfiguration,100,NO_COVERAGE,none
PCWRuleParser.java,org.ow2.proactive.catalog.util.parser.PCWRuleParser,"",getKpisAsJsonListToString,123,NO_COVERAGE,none
PCWRuleParser.java,org.ow2.proactive.catalog.util.parser.PCWRuleParser,"A",getKpisAsJsonListToString,123,NO_COVERAGE,none
PCWRuleParser.java,org.ow2.proactive.catalog.util.parser.PCWRuleParser,null,getKpisAsJsonListToString,123,NO_COVERAGE,none
PCWRuleParser.java,org.ow2.proactive.catalog.util.parser.PCWRuleParser,"",getNodeUrlsAsJsonListToString,108,NO_COVERAGE,none
PCWRuleParser.java,org.ow2.proactive.catalog.util.parser.PCWRuleParser,"A",getNodeUrlsAsJsonListToString,108,NO_COVERAGE,none
PCWRuleParser.java,org.ow2.proactive.catalog.util.parser.PCWRuleParser,null,getNodeUrlsAsJsonListToString,108,NO_COVERAGE,none
PCWRuleParser.java,org.ow2.proactive.catalog.util.parser.PCWRuleParser,null,parse,61,NO_COVERAGE,none
PCWRuleParser.java,org.ow2.proactive.catalog.util.parser.PCWRuleParser,null,parseToPCWRuleContent,93,NO_COVERAGE,none
CatalogObjectBucketNameWhereArgs.java,org.ow2.proactive.catalog.graphql.bean.argument.CatalogObjectBucketNameWhereArgs$CatalogObjectBucketNameWhereArgsBuilder,null,build,43,NO_COVERAGE,none
CatalogObjectBucketNameWhereArgs.java,org.ow2.proactive.catalog.graphql.bean.argument.CatalogObjectBucketNameWhereArgs$CatalogObjectBucketNameWhereArgsBuilder,null,eq,43,NO_COVERAGE,none
CatalogObjectBucketNameWhereArgs.java,org.ow2.proactive.catalog.graphql.bean.argument.CatalogObjectBucketNameWhereArgs$CatalogObjectBucketNameWhereArgsBuilder,null,gt,43,NO_COVERAGE,none
CatalogObjectBucketNameWhereArgs.java,org.ow2.proactive.catalog.graphql.bean.argument.CatalogObjectBucketNameWhereArgs$CatalogObjectBucketNameWhereArgsBuilder,null,gte,43,NO_COVERAGE,none
CatalogObjectBucketNameWhereArgs.java,org.ow2.proactive.catalog.graphql.bean.argument.CatalogObjectBucketNameWhereArgs$CatalogObjectBucketNameWhereArgsBuilder,null,like,43,NO_COVERAGE,none
CatalogObjectBucketNameWhereArgs.java,org.ow2.proactive.catalog.graphql.bean.argument.CatalogObjectBucketNameWhereArgs$CatalogObjectBucketNameWhereArgsBuilder,null,lt,43,NO_COVERAGE,none
CatalogObjectBucketNameWhereArgs.java,org.ow2.proactive.catalog.graphql.bean.argument.CatalogObjectBucketNameWhereArgs$CatalogObjectBucketNameWhereArgsBuilder,null,lte,43,NO_COVERAGE,none
CatalogObjectBucketNameWhereArgs.java,org.ow2.proactive.catalog.graphql.bean.argument.CatalogObjectBucketNameWhereArgs$CatalogObjectBucketNameWhereArgsBuilder,null,ne,43,NO_COVERAGE,none
CatalogObjectBucketNameWhereArgs.java,org.ow2.proactive.catalog.graphql.bean.argument.CatalogObjectBucketNameWhereArgs$CatalogObjectBucketNameWhereArgsBuilder,null,notLike,43,NO_COVERAGE,none
CatalogObjectConnection.java,org.ow2.proactive.catalog.graphql.bean.CatalogObjectConnection$CatalogObjectConnectionBuilder,null,build,41,NO_COVERAGE,none
CatalogObjectConnection.java,org.ow2.proactive.catalog.graphql.bean.CatalogObjectConnection$CatalogObjectConnectionBuilder,null,edges,41,NO_COVERAGE,none
CatalogObjectConnection.java,org.ow2.proactive.catalog.graphql.bean.CatalogObjectConnection$CatalogObjectConnectionBuilder,null,hasNext,41,NO_COVERAGE,none
CatalogObjectConnection.java,org.ow2.proactive.catalog.graphql.bean.CatalogObjectConnection$CatalogObjectConnectionBuilder,null,hasPrevious,41,NO_COVERAGE,none
CatalogObjectConnection.java,org.ow2.proactive.catalog.graphql.bean.CatalogObjectConnection$CatalogObjectConnectionBuilder,null,page,41,NO_COVERAGE,none
CatalogObjectConnection.java,org.ow2.proactive.catalog.graphql.bean.CatalogObjectConnection$CatalogObjectConnectionBuilder,null,size,41,NO_COVERAGE,none
CatalogObjectConnection.java,org.ow2.proactive.catalog.graphql.bean.CatalogObjectConnection$CatalogObjectConnectionBuilder,null,totalCount,41,NO_COVERAGE,none
CatalogObjectConnection.java,org.ow2.proactive.catalog.graphql.bean.CatalogObjectConnection$CatalogObjectConnectionBuilder,null,totalPage,41,NO_COVERAGE,none
CatalogObjectRevisionEntity.java,org.ow2.proactive.catalog.repository.entity.CatalogObjectRevisionEntity,null,$default$keyValueMetadataList,64,NO_COVERAGE,none
CatalogObjectRevisionEntity.java,org.ow2.proactive.catalog.repository.entity.CatalogObjectRevisionEntity,void,addKeyValue,111,NO_COVERAGE,none
CatalogObjectRevisionEntity.java,org.ow2.proactive.catalog.repository.entity.CatalogObjectRevisionEntity,void,addKeyValueList,116,NO_COVERAGE,none
CatalogObjectRevisionEntity.java,org.ow2.proactive.catalog.repository.entity.CatalogObjectRevisionEntity,null,builder,64,NO_COVERAGE,none
CatalogObjectRevisionEntity.java,org.ow2.proactive.catalog.repository.entity.CatalogObjectRevisionEntity,0,compareTo,103,NO_COVERAGE,none
CatalogObjectRevisionEntity.java,org.ow2.proactive.catalog.repository.entity.CatalogObjectRevisionEntity,1,compareTo,103,NO_COVERAGE,none
CatalogObjectRevisionEntity.java,org.ow2.proactive.catalog.repository.entity.CatalogObjectRevisionEntity,false,equals,121,NO_COVERAGE,none
CatalogObjectRevisionEntity.java,org.ow2.proactive.catalog.repository.entity.CatalogObjectRevisionEntity,true,equals,121,NO_COVERAGE,none
CatalogQueryLanguageParser.java,org.ow2.proactive.catalog.rest.query.parser.CatalogQueryLanguageParser,null,clause,342,NO_COVERAGE,none
CatalogQueryLanguageParser.java,org.ow2.proactive.catalog.rest.query.parser.CatalogQueryLanguageParser,null,expression,208,NO_COVERAGE,none
CatalogQueryLanguageParser.java,org.ow2.proactive.catalog.rest.query.parser.CatalogQueryLanguageParser,null,expression,212,NO_COVERAGE,none
CatalogQueryLanguageParser.java,org.ow2.proactive.catalog.rest.query.parser.CatalogQueryLanguageParser,false,expression_sempred,399,NO_COVERAGE,none
CatalogQueryLanguageParser.java,org.ow2.proactive.catalog.rest.query.parser.CatalogQueryLanguageParser,true,expression_sempred,399,NO_COVERAGE,none
CatalogQueryLanguageParser.java,org.ow2.proactive.catalog.rest.query.parser.CatalogQueryLanguageParser,false,sempred,392,NO_COVERAGE,none
CatalogQueryLanguageParser.java,org.ow2.proactive.catalog.rest.query.parser.CatalogQueryLanguageParser,true,sempred,392,NO_COVERAGE,none
CatalogQueryLanguageParser.java,org.ow2.proactive.catalog.rest.query.parser.CatalogQueryLanguageParser,null,start,110,NO_COVERAGE,none
CatalogObjectRevisionWhereArgs.java,org.ow2.proactive.catalog.graphql.bean.argument.CatalogObjectRevisionWhereArgs$CatalogObjectRevisionWhereArgsBuilder,null,build,43,NO_COVERAGE,none
CatalogObjectRevisionWhereArgs.java,org.ow2.proactive.catalog.graphql.bean.argument.CatalogObjectRevisionWhereArgs$CatalogObjectRevisionWhereArgsBuilder,null,eq,43,NO_COVERAGE,none
CatalogObjectRevisionWhereArgs.java,org.ow2.proactive.catalog.graphql.bean.argument.CatalogObjectRevisionWhereArgs$CatalogObjectRevisionWhereArgsBuilder,null,gt,43,NO_COVERAGE,none
CatalogObjectRevisionWhereArgs.java,org.ow2.proactive.catalog.graphql.bean.argument.CatalogObjectRevisionWhereArgs$CatalogObjectRevisionWhereArgsBuilder,null,gte,43,NO_COVERAGE,none
CatalogObjectRevisionWhereArgs.java,org.ow2.proactive.catalog.graphql.bean.argument.CatalogObjectRevisionWhereArgs$CatalogObjectRevisionWhereArgsBuilder,null,isLatest,43,NO_COVERAGE,none
CatalogObjectRevisionWhereArgs.java,org.ow2.proactive.catalog.graphql.bean.argument.CatalogObjectRevisionWhereArgs$CatalogObjectRevisionWhereArgsBuilder,null,lt,43,NO_COVERAGE,none
CatalogObjectRevisionWhereArgs.java,org.ow2.proactive.catalog.graphql.bean.argument.CatalogObjectRevisionWhereArgs$CatalogObjectRevisionWhereArgsBuilder,null,lte,43,NO_COVERAGE,none
CatalogObjectRevisionWhereArgs.java,org.ow2.proactive.catalog.graphql.bean.argument.CatalogObjectRevisionWhereArgs$CatalogObjectRevisionWhereArgsBuilder,null,ne,43,NO_COVERAGE,none
BucketService.java,org.ow2.proactive.catalog.service.BucketService,void,cleanAllEmptyBuckets,122,NO_COVERAGE,none
BucketService.java,org.ow2.proactive.catalog.service.BucketService,null,createBucket,68,NO_COVERAGE,none
BucketService.java,org.ow2.proactive.catalog.service.BucketService,null,createBucket,72,NO_COVERAGE,none
BucketService.java,org.ow2.proactive.catalog.service.BucketService,null,deleteEmptyBucket,131,NO_COVERAGE,none
BucketService.java,org.ow2.proactive.catalog.service.BucketService,null,findBucketByNameAndCheck,145,NO_COVERAGE,none
BucketService.java,org.ow2.proactive.catalog.service.BucketService,null,getBucketMetadata,83,NO_COVERAGE,none
BucketService.java,org.ow2.proactive.catalog.service.BucketService,null,listBuckets,105,NO_COVERAGE,none
BucketService.java,org.ow2.proactive.catalog.service.BucketService,null,listBuckets,88,NO_COVERAGE,none
OrSpecification.java,org.ow2.proactive.catalog.repository.specification.catalogobject.OrSpecification$OrSpecificationBuilder,null,bucketJoin,49,NO_COVERAGE,none
OrSpecification.java,org.ow2.proactive.catalog.repository.specification.catalogobject.OrSpecification$OrSpecificationBuilder,null,build,49,NO_COVERAGE,none
OrSpecification.java,org.ow2.proactive.catalog.repository.specification.catalogobject.OrSpecification$OrSpecificationBuilder,null,catalogObjectJoin,49,NO_COVERAGE,none
OrSpecification.java,org.ow2.proactive.catalog.repository.specification.catalogobject.OrSpecification$OrSpecificationBuilder,null,fieldSpecifications,49,NO_COVERAGE,none
OrSpecification.java,org.ow2.proactive.catalog.repository.specification.catalogobject.OrSpecification$OrSpecificationBuilder,null,metadataJoin,49,NO_COVERAGE,none
OrSpecification.java,org.ow2.proactive.catalog.repository.specification.catalogobject.OrSpecification$OrSpecificationBuilder,null,operations,49,NO_COVERAGE,none
OrSpecification.java,org.ow2.proactive.catalog.repository.specification.catalogobject.OrSpecification$OrSpecificationBuilder,null,value,49,NO_COVERAGE,none
CatalogObjectRevisionEntity.java,org.ow2.proactive.catalog.repository.entity.CatalogObjectRevisionEntity$CatalogObjectRevisionEntityBuilder,null,build,64,NO_COVERAGE,none
CatalogObjectRevisionEntity.java,org.ow2.proactive.catalog.repository.entity.CatalogObjectRevisionEntity$CatalogObjectRevisionEntityBuilder,null,catalogObject,64,NO_COVERAGE,none
CatalogObjectRevisionEntity.java,org.ow2.proactive.catalog.repository.entity.CatalogObjectRevisionEntity$CatalogObjectRevisionEntityBuilder,null,commitMessage,64,NO_COVERAGE,none
CatalogObjectRevisionEntity.java,org.ow2.proactive.catalog.repository.entity.CatalogObjectRevisionEntity$CatalogObjectRevisionEntityBuilder,null,commitTime,64,NO_COVERAGE,none
CatalogObjectRevisionEntity.java,org.ow2.proactive.catalog.repository.entity.CatalogObjectRevisionEntity$CatalogObjectRevisionEntityBuilder,null,id,64,NO_COVERAGE,none
CatalogObjectRevisionEntity.java,org.ow2.proactive.catalog.repository.entity.CatalogObjectRevisionEntity$CatalogObjectRevisionEntityBuilder,null,keyValueMetadataList,64,NO_COVERAGE,none
CatalogObjectRevisionEntity.java,org.ow2.proactive.catalog.repository.entity.CatalogObjectRevisionEntity$CatalogObjectRevisionEntityBuilder,null,rawObject,64,NO_COVERAGE,none
CatalogObjectWhereArgs.java,org.ow2.proactive.catalog.graphql.bean.argument.CatalogObjectWhereArgs$CatalogObjectWhereArgsBuilder,null,andArg,44,NO_COVERAGE,none
CatalogObjectWhereArgs.java,org.ow2.proactive.catalog.graphql.bean.argument.CatalogObjectWhereArgs$CatalogObjectWhereArgsBuilder,null,bucketNameArg,44,NO_COVERAGE,none
CatalogObjectWhereArgs.java,org.ow2.proactive.catalog.graphql.bean.argument.CatalogObjectWhereArgs$CatalogObjectWhereArgsBuilder,null,build,44,NO_COVERAGE,none
CatalogObjectWhereArgs.java,org.ow2.proactive.catalog.graphql.bean.argument.CatalogObjectWhereArgs$CatalogObjectWhereArgsBuilder,null,kindArg,44,NO_COVERAGE,none
CatalogObjectWhereArgs.java,org.ow2.proactive.catalog.graphql.bean.argument.CatalogObjectWhereArgs$CatalogObjectWhereArgsBuilder,null,metadataArg,44,NO_COVERAGE,none
CatalogObjectWhereArgs.java,org.ow2.proactive.catalog.graphql.bean.argument.CatalogObjectWhereArgs$CatalogObjectWhereArgsBuilder,null,nameArg,44,NO_COVERAGE,none
CatalogObjectWhereArgs.java,org.ow2.proactive.catalog.graphql.bean.argument.CatalogObjectWhereArgs$CatalogObjectWhereArgsBuilder,null,orArg,44,NO_COVERAGE,none
CatalogObjectEntity.java,org.ow2.proactive.catalog.repository.entity.CatalogObjectEntity$CatalogObjectEntityBuilder,null,bucket,62,NO_COVERAGE,none
CatalogObjectEntity.java,org.ow2.proactive.catalog.repository.entity.CatalogObjectEntity$CatalogObjectEntityBuilder,null,build,62,NO_COVERAGE,none
CatalogObjectEntity.java,org.ow2.proactive.catalog.repository.entity.CatalogObjectEntity$CatalogObjectEntityBuilder,null,contentType,62,NO_COVERAGE,none
CatalogObjectEntity.java,org.ow2.proactive.catalog.repository.entity.CatalogObjectEntity$CatalogObjectEntityBuilder,null,id,62,NO_COVERAGE,none
CatalogObjectEntity.java,org.ow2.proactive.catalog.repository.entity.CatalogObjectEntity$CatalogObjectEntityBuilder,null,kind,62,NO_COVERAGE,none
CatalogObjectEntity.java,org.ow2.proactive.catalog.repository.entity.CatalogObjectEntity$CatalogObjectEntityBuilder,null,lastCommitTime,62,NO_COVERAGE,none
CatalogObjectEntity.java,org.ow2.proactive.catalog.repository.entity.CatalogObjectEntity$CatalogObjectEntityBuilder,null,revisions,62,NO_COVERAGE,none
KeyValueSpecification.java,org.ow2.proactive.catalog.repository.specification.catalogobject.KeyValueSpecification$KeyValueSpecificationBuilder,null,bucketEntityJoin,55,NO_COVERAGE,none
KeyValueSpecification.java,org.ow2.proactive.catalog.repository.specification.catalogobject.KeyValueSpecification$KeyValueSpecificationBuilder,null,build,55,NO_COVERAGE,none
KeyValueSpecification.java,org.ow2.proactive.catalog.repository.specification.catalogobject.KeyValueSpecification$KeyValueSpecificationBuilder,null,catalogObjectJoin,55,NO_COVERAGE,none
KeyValueSpecification.java,org.ow2.proactive.catalog.repository.specification.catalogobject.KeyValueSpecification$KeyValueSpecificationBuilder,null,key,55,NO_COVERAGE,none
KeyValueSpecification.java,org.ow2.proactive.catalog.repository.specification.catalogobject.KeyValueSpecification$KeyValueSpecificationBuilder,null,metadataJoin,55,NO_COVERAGE,none
KeyValueSpecification.java,org.ow2.proactive.catalog.repository.specification.catalogobject.KeyValueSpecification$KeyValueSpecificationBuilder,null,operations,55,NO_COVERAGE,none
KeyValueSpecification.java,org.ow2.proactive.catalog.repository.specification.catalogobject.KeyValueSpecification$KeyValueSpecificationBuilder,null,value,55,NO_COVERAGE,none
AndSpecification.java,org.ow2.proactive.catalog.repository.specification.catalogobject.AndSpecification$AndSpecificationBuilder,null,bucketJoin,47,NO_COVERAGE,none
AndSpecification.java,org.ow2.proactive.catalog.repository.specification.catalogobject.AndSpecification$AndSpecificationBuilder,null,build,47,NO_COVERAGE,none
AndSpecification.java,org.ow2.proactive.catalog.repository.specification.catalogobject.AndSpecification$AndSpecificationBuilder,null,catalogObjectJoin,47,NO_COVERAGE,none
AndSpecification.java,org.ow2.proactive.catalog.repository.specification.catalogobject.AndSpecification$AndSpecificationBuilder,null,fieldSpecifications,47,NO_COVERAGE,none
AndSpecification.java,org.ow2.proactive.catalog.repository.specification.catalogobject.AndSpecification$AndSpecificationBuilder,null,metadataJoin,47,NO_COVERAGE,none
AndSpecification.java,org.ow2.proactive.catalog.repository.specification.catalogobject.AndSpecification$AndSpecificationBuilder,null,operations,47,NO_COVERAGE,none
AndSpecification.java,org.ow2.proactive.catalog.repository.specification.catalogobject.AndSpecification$AndSpecificationBuilder,null,value,47,NO_COVERAGE,none
OwnerGroupStringHelper.java,org.ow2.proactive.catalog.service.OwnerGroupStringHelper,"",addGroupPrefix,55,NO_COVERAGE,none
OwnerGroupStringHelper.java,org.ow2.proactive.catalog.service.OwnerGroupStringHelper,"A",addGroupPrefix,55,NO_COVERAGE,none
OwnerGroupStringHelper.java,org.ow2.proactive.catalog.service.OwnerGroupStringHelper,null,addGroupPrefix,55,NO_COVERAGE,none
OwnerGroupStringHelper.java,org.ow2.proactive.catalog.service.OwnerGroupStringHelper,"",extractGroupFromBucketOwnerOrGroupString,44,NO_COVERAGE,none
OwnerGroupStringHelper.java,org.ow2.proactive.catalog.service.OwnerGroupStringHelper,"A",extractGroupFromBucketOwnerOrGroupString,44,NO_COVERAGE,none
OwnerGroupStringHelper.java,org.ow2.proactive.catalog.service.OwnerGroupStringHelper,null,extractGroupFromBucketOwnerOrGroupString,44,NO_COVERAGE,none
OwnerGroupStringHelper.java,org.ow2.proactive.catalog.service.OwnerGroupStringHelper,null,getGroupsWithPrefixFromGroupList,51,NO_COVERAGE,none
CatalogQueryLanguageParser.java,org.ow2.proactive.catalog.rest.query.parser.CatalogQueryLanguageParser$AndExpressionContext,null,AND,171,NO_COVERAGE,none
CatalogQueryLanguageParser.java,org.ow2.proactive.catalog.rest.query.parser.CatalogQueryLanguageParser$AndExpressionContext,null,accept,183,NO_COVERAGE,none
CatalogQueryLanguageParser.java,org.ow2.proactive.catalog.rest.query.parser.CatalogQueryLanguageParser$AndExpressionContext,void,enterRule,175,NO_COVERAGE,none
CatalogQueryLanguageParser.java,org.ow2.proactive.catalog.rest.query.parser.CatalogQueryLanguageParser$AndExpressionContext,void,exitRule,179,NO_COVERAGE,none
CatalogQueryLanguageParser.java,org.ow2.proactive.catalog.rest.query.parser.CatalogQueryLanguageParser$AndExpressionContext,null,expression,166,NO_COVERAGE,none
CatalogQueryLanguageParser.java,org.ow2.proactive.catalog.rest.query.parser.CatalogQueryLanguageParser$AndExpressionContext,null,expression,169,NO_COVERAGE,none
KindSpecification.java,org.ow2.proactive.catalog.repository.specification.catalogobject.KindSpecification$KindSpecificationBuilder,null,bucketEntityJoin,51,NO_COVERAGE,none
KindSpecification.java,org.ow2.proactive.catalog.repository.specification.catalogobject.KindSpecification$KindSpecificationBuilder,null,build,51,NO_COVERAGE,none
KindSpecification.java,org.ow2.proactive.catalog.repository.specification.catalogobject.KindSpecification$KindSpecificationBuilder,null,catalogObjectJoin,51,NO_COVERAGE,none
KindSpecification.java,org.ow2.proactive.catalog.repository.specification.catalogobject.KindSpecification$KindSpecificationBuilder,null,metadataJoin,51,NO_COVERAGE,none
KindSpecification.java,org.ow2.proactive.catalog.repository.specification.catalogobject.KindSpecification$KindSpecificationBuilder,null,operations,51,NO_COVERAGE,none
KindSpecification.java,org.ow2.proactive.catalog.repository.specification.catalogobject.KindSpecification$KindSpecificationBuilder,null,value,51,NO_COVERAGE,none
BucketNameSpecification.java,org.ow2.proactive.catalog.repository.specification.catalogobject.BucketNameSpecification$BucketNameSpecificationBuilder,null,bucketEntityJoin,50,NO_COVERAGE,none
BucketNameSpecification.java,org.ow2.proactive.catalog.repository.specification.catalogobject.BucketNameSpecification$BucketNameSpecificationBuilder,null,build,50,NO_COVERAGE,none
BucketNameSpecification.java,org.ow2.proactive.catalog.repository.specification.catalogobject.BucketNameSpecification$BucketNameSpecificationBuilder,null,catalogObjectJoin,50,NO_COVERAGE,none
BucketNameSpecification.java,org.ow2.proactive.catalog.repository.specification.catalogobject.BucketNameSpecification$BucketNameSpecificationBuilder,null,metadataJoin,50,NO_COVERAGE,none
BucketNameSpecification.java,org.ow2.proactive.catalog.repository.specification.catalogobject.BucketNameSpecification$BucketNameSpecificationBuilder,null,operations,50,NO_COVERAGE,none
BucketNameSpecification.java,org.ow2.proactive.catalog.repository.specification.catalogobject.BucketNameSpecification$BucketNameSpecificationBuilder,null,value,50,NO_COVERAGE,none
CatalogQueryLanguageParser.java,org.ow2.proactive.catalog.rest.query.parser.CatalogQueryLanguageParser$AtomicClauseContext,null,AttributeLiteral,322,NO_COVERAGE,none
CatalogQueryLanguageParser.java,org.ow2.proactive.catalog.rest.query.parser.CatalogQueryLanguageParser$AtomicClauseContext,null,COMPARE_OPERATOR,323,NO_COVERAGE,none
CatalogQueryLanguageParser.java,org.ow2.proactive.catalog.rest.query.parser.CatalogQueryLanguageParser$AtomicClauseContext,null,StringLiteral,324,NO_COVERAGE,none
CatalogQueryLanguageParser.java,org.ow2.proactive.catalog.rest.query.parser.CatalogQueryLanguageParser$AtomicClauseContext,null,accept,336,NO_COVERAGE,none
CatalogQueryLanguageParser.java,org.ow2.proactive.catalog.rest.query.parser.CatalogQueryLanguageParser$AtomicClauseContext,void,enterRule,328,NO_COVERAGE,none
CatalogQueryLanguageParser.java,org.ow2.proactive.catalog.rest.query.parser.CatalogQueryLanguageParser$AtomicClauseContext,void,exitRule,332,NO_COVERAGE,none
CatalogQueryLanguageParser.java,org.ow2.proactive.catalog.rest.query.parser.CatalogQueryLanguageParser$OrExpressionContext,null,OR,148,NO_COVERAGE,none
CatalogQueryLanguageParser.java,org.ow2.proactive.catalog.rest.query.parser.CatalogQueryLanguageParser$OrExpressionContext,null,accept,160,NO_COVERAGE,none
CatalogQueryLanguageParser.java,org.ow2.proactive.catalog.rest.query.parser.CatalogQueryLanguageParser$OrExpressionContext,void,enterRule,152,NO_COVERAGE,none
CatalogQueryLanguageParser.java,org.ow2.proactive.catalog.rest.query.parser.CatalogQueryLanguageParser$OrExpressionContext,void,exitRule,156,NO_COVERAGE,none
CatalogQueryLanguageParser.java,org.ow2.proactive.catalog.rest.query.parser.CatalogQueryLanguageParser$OrExpressionContext,null,expression,143,NO_COVERAGE,none
CatalogQueryLanguageParser.java,org.ow2.proactive.catalog.rest.query.parser.CatalogQueryLanguageParser$OrExpressionContext,null,expression,146,NO_COVERAGE,none
CatalogObjectController.java,org.ow2.proactive.catalog.rest.controller.CatalogObjectController,null,create,109,NO_COVERAGE,none
CatalogObjectController.java,org.ow2.proactive.catalog.rest.controller.CatalogObjectController,null,delete,243,NO_COVERAGE,none
CatalogObjectController.java,org.ow2.proactive.catalog.rest.controller.CatalogObjectController,null,get,145,NO_COVERAGE,none
CatalogObjectController.java,org.ow2.proactive.catalog.rest.controller.CatalogObjectController,null,getRaw,166,NO_COVERAGE,none
CatalogObjectController.java,org.ow2.proactive.catalog.rest.controller.CatalogObjectController,null,list,189,NO_COVERAGE,none
CatalogObjectController.java,org.ow2.proactive.catalog.rest.controller.CatalogObjectController,null,restore,262,NO_COVERAGE,none
CatalogNameSpecification.java,org.ow2.proactive.catalog.repository.specification.catalogobject.CatalogNameSpecification$CatalogNameSpecificationBuilder,null,bucketEntityJoin,51,NO_COVERAGE,none
CatalogNameSpecification.java,org.ow2.proactive.catalog.repository.specification.catalogobject.CatalogNameSpecification$CatalogNameSpecificationBuilder,null,build,51,NO_COVERAGE,none
CatalogNameSpecification.java,org.ow2.proactive.catalog.repository.specification.catalogobject.CatalogNameSpecification$CatalogNameSpecificationBuilder,null,catalogObjectJoin,51,NO_COVERAGE,none
CatalogNameSpecification.java,org.ow2.proactive.catalog.repository.specification.catalogobject.CatalogNameSpecification$CatalogNameSpecificationBuilder,null,metadataJoin,51,NO_COVERAGE,none
CatalogNameSpecification.java,org.ow2.proactive.catalog.repository.specification.catalogobject.CatalogNameSpecification$CatalogNameSpecificationBuilder,null,operations,51,NO_COVERAGE,none
CatalogNameSpecification.java,org.ow2.proactive.catalog.repository.specification.catalogobject.CatalogNameSpecification$CatalogNameSpecificationBuilder,null,value,51,NO_COVERAGE,none
CatalogObjectWhereArgs.java,org.ow2.proactive.catalog.graphql.bean.argument.CatalogObjectWhereArgs,null,builder,44,NO_COVERAGE,none
CatalogObjectWhereArgs.java,org.ow2.proactive.catalog.graphql.bean.argument.CatalogObjectWhereArgs,false,canEqual,45,NO_COVERAGE,none
CatalogObjectWhereArgs.java,org.ow2.proactive.catalog.graphql.bean.argument.CatalogObjectWhereArgs,true,canEqual,45,NO_COVERAGE,none
CatalogObjectWhereArgs.java,org.ow2.proactive.catalog.graphql.bean.argument.CatalogObjectWhereArgs,false,equals,45,NO_COVERAGE,none
CatalogObjectWhereArgs.java,org.ow2.proactive.catalog.graphql.bean.argument.CatalogObjectWhereArgs,true,equals,45,NO_COVERAGE,none
AuthenticatedUser.java,org.ow2.proactive.catalog.service.model.AuthenticatedUser,null,builder,39,NO_COVERAGE,none
AuthenticatedUser.java,org.ow2.proactive.catalog.service.model.AuthenticatedUser,false,canEqual,38,NO_COVERAGE,none
AuthenticatedUser.java,org.ow2.proactive.catalog.service.model.AuthenticatedUser,true,canEqual,38,NO_COVERAGE,none
AuthenticatedUser.java,org.ow2.proactive.catalog.service.model.AuthenticatedUser,false,equals,38,NO_COVERAGE,none
AuthenticatedUser.java,org.ow2.proactive.catalog.service.model.AuthenticatedUser,true,equals,38,NO_COVERAGE,none
RestApiAccessResponse.java,org.ow2.proactive.catalog.service.model.RestApiAccessResponse,null,builder,39,NO_COVERAGE,none
RestApiAccessResponse.java,org.ow2.proactive.catalog.service.model.RestApiAccessResponse,false,canEqual,37,NO_COVERAGE,none
RestApiAccessResponse.java,org.ow2.proactive.catalog.service.model.RestApiAccessResponse,true,canEqual,37,NO_COVERAGE,none
RestApiAccessResponse.java,org.ow2.proactive.catalog.service.model.RestApiAccessResponse,false,equals,37,NO_COVERAGE,none
RestApiAccessResponse.java,org.ow2.proactive.catalog.service.model.RestApiAccessResponse,true,equals,37,NO_COVERAGE,none
CatalogObjectNameWhereArgs.java,org.ow2.proactive.catalog.graphql.bean.argument.CatalogObjectNameWhereArgs,null,builder,43,NO_COVERAGE,none
CatalogObjectNameWhereArgs.java,org.ow2.proactive.catalog.graphql.bean.argument.CatalogObjectNameWhereArgs,false,canEqual,40,NO_COVERAGE,none
CatalogObjectNameWhereArgs.java,org.ow2.proactive.catalog.graphql.bean.argument.CatalogObjectNameWhereArgs,true,canEqual,40,NO_COVERAGE,none
CatalogObjectNameWhereArgs.java,org.ow2.proactive.catalog.graphql.bean.argument.CatalogObjectNameWhereArgs,false,equals,40,NO_COVERAGE,none
CatalogObjectNameWhereArgs.java,org.ow2.proactive.catalog.graphql.bean.argument.CatalogObjectNameWhereArgs,true,equals,40,NO_COVERAGE,none
GenericInfoBucketData.java,org.ow2.proactive.catalog.service.model.GenericInfoBucketData,null,builder,37,NO_COVERAGE,none
GenericInfoBucketData.java,org.ow2.proactive.catalog.service.model.GenericInfoBucketData,false,canEqual,36,NO_COVERAGE,none
GenericInfoBucketData.java,org.ow2.proactive.catalog.service.model.GenericInfoBucketData,true,canEqual,36,NO_COVERAGE,none
GenericInfoBucketData.java,org.ow2.proactive.catalog.service.model.GenericInfoBucketData,false,equals,36,NO_COVERAGE,none
GenericInfoBucketData.java,org.ow2.proactive.catalog.service.model.GenericInfoBucketData,true,equals,36,NO_COVERAGE,none
CatalogObjectConnection.java,org.ow2.proactive.catalog.graphql.bean.CatalogObjectConnection,null,builder,41,NO_COVERAGE,none
CatalogObjectConnection.java,org.ow2.proactive.catalog.graphql.bean.CatalogObjectConnection,false,canEqual,42,NO_COVERAGE,none
CatalogObjectConnection.java,org.ow2.proactive.catalog.graphql.bean.CatalogObjectConnection,true,canEqual,42,NO_COVERAGE,none
CatalogObjectConnection.java,org.ow2.proactive.catalog.graphql.bean.CatalogObjectConnection,false,equals,42,NO_COVERAGE,none
CatalogObjectConnection.java,org.ow2.proactive.catalog.graphql.bean.CatalogObjectConnection,true,equals,42,NO_COVERAGE,none
CatalogObjectRevisionWhereArgs.java,org.ow2.proactive.catalog.graphql.bean.argument.CatalogObjectRevisionWhereArgs,null,builder,43,NO_COVERAGE,none
CatalogObjectRevisionWhereArgs.java,org.ow2.proactive.catalog.graphql.bean.argument.CatalogObjectRevisionWhereArgs,false,canEqual,38,NO_COVERAGE,none
CatalogObjectRevisionWhereArgs.java,org.ow2.proactive.catalog.graphql.bean.argument.CatalogObjectRevisionWhereArgs,true,canEqual,38,NO_COVERAGE,none
CatalogObjectRevisionWhereArgs.java,org.ow2.proactive.catalog.graphql.bean.argument.CatalogObjectRevisionWhereArgs,false,equals,38,NO_COVERAGE,none
CatalogObjectRevisionWhereArgs.java,org.ow2.proactive.catalog.graphql.bean.argument.CatalogObjectRevisionWhereArgs,true,equals,38,NO_COVERAGE,none
PollConfiguration.java,org.ow2.proactive.catalog.util.parser.pcw.rule.model.PollConfiguration,null,withCalmPeriodInSeconds,52,NO_COVERAGE,none
PollConfiguration.java,org.ow2.proactive.catalog.util.parser.pcw.rule.model.PollConfiguration,null,withKpis,48,NO_COVERAGE,none
PollConfiguration.java,org.ow2.proactive.catalog.util.parser.pcw.rule.model.PollConfiguration,null,withNodeInformations,46,NO_COVERAGE,none
PollConfiguration.java,org.ow2.proactive.catalog.util.parser.pcw.rule.model.PollConfiguration,null,withPollType,44,NO_COVERAGE,none
PollConfiguration.java,org.ow2.proactive.catalog.util.parser.pcw.rule.model.PollConfiguration,null,withPollingPeriodInSeconds,50,NO_COVERAGE,none
CatalogObjectKindWhereArgs.java,org.ow2.proactive.catalog.graphql.bean.argument.CatalogObjectKindWhereArgs,null,builder,43,NO_COVERAGE,none
CatalogObjectKindWhereArgs.java,org.ow2.proactive.catalog.graphql.bean.argument.CatalogObjectKindWhereArgs,false,canEqual,40,NO_COVERAGE,none
CatalogObjectKindWhereArgs.java,org.ow2.proactive.catalog.graphql.bean.argument.CatalogObjectKindWhereArgs,true,canEqual,40,NO_COVERAGE,none
CatalogObjectKindWhereArgs.java,org.ow2.proactive.catalog.graphql.bean.argument.CatalogObjectKindWhereArgs,false,equals,40,NO_COVERAGE,none
CatalogObjectKindWhereArgs.java,org.ow2.proactive.catalog.graphql.bean.argument.CatalogObjectKindWhereArgs,true,equals,40,NO_COVERAGE,none
CatalogObjectEntity.java,org.ow2.proactive.catalog.repository.entity.CatalogObjectEntity,null,$default$revisions,62,NO_COVERAGE,none
CatalogObjectEntity.java,org.ow2.proactive.catalog.repository.entity.CatalogObjectEntity,void,addRevision,137,NO_COVERAGE,none
CatalogObjectEntity.java,org.ow2.proactive.catalog.repository.entity.CatalogObjectEntity,null,builder,62,NO_COVERAGE,none
CatalogObjectEntity.java,org.ow2.proactive.catalog.repository.entity.CatalogObjectEntity,false,equals,143,NO_COVERAGE,none
CatalogObjectEntity.java,org.ow2.proactive.catalog.repository.entity.CatalogObjectEntity,true,equals,143,NO_COVERAGE,none
WorkflowXmlManipulator.java,org.ow2.proactive.catalog.service.WorkflowXmlManipulator,null,createGenericInfoElement,116,NO_COVERAGE,none
WorkflowXmlManipulator.java,org.ow2.proactive.catalog.service.WorkflowXmlManipulator,null,createInfoElement,109,NO_COVERAGE,none
WorkflowXmlManipulator.java,org.ow2.proactive.catalog.service.WorkflowXmlManipulator,empty,replaceGenericInformationJobLevel,57,NO_COVERAGE,none
WorkflowXmlManipulator.java,org.ow2.proactive.catalog.service.WorkflowXmlManipulator,null,replaceGenericInformationJobLevel,57,NO_COVERAGE,none
WorkflowXmlManipulator.java,org.ow2.proactive.catalog.service.WorkflowXmlManipulator,void,replaceOrAddGenericInfoElement,84,NO_COVERAGE,none
CatalogObjectBucketNameWhereArgs.java,org.ow2.proactive.catalog.graphql.bean.argument.CatalogObjectBucketNameWhereArgs,null,builder,43,NO_COVERAGE,none
CatalogObjectBucketNameWhereArgs.java,org.ow2.proactive.catalog.graphql.bean.argument.CatalogObjectBucketNameWhereArgs,false,canEqual,40,NO_COVERAGE,none
CatalogObjectBucketNameWhereArgs.java,org.ow2.proactive.catalog.graphql.bean.argument.CatalogObjectBucketNameWhereArgs,true,canEqual,40,NO_COVERAGE,none
CatalogObjectBucketNameWhereArgs.java,org.ow2.proactive.catalog.graphql.bean.argument.CatalogObjectBucketNameWhereArgs,false,equals,40,NO_COVERAGE,none
CatalogObjectBucketNameWhereArgs.java,org.ow2.proactive.catalog.graphql.bean.argument.CatalogObjectBucketNameWhereArgs,true,equals,40,NO_COVERAGE,none
RestApiAccessService.java,org.ow2.proactive.catalog.service.RestApiAccessService,null,checkAccessBySessionForBucketToOwnerOrGroup,82,NO_COVERAGE,none
RestApiAccessService.java,org.ow2.proactive.catalog.service.RestApiAccessService,null,checkAccessBySessionIdForBucketAndThrowIfDeclined,60,NO_COVERAGE,none
RestApiAccessService.java,org.ow2.proactive.catalog.service.RestApiAccessService,null,checkAccessBySessionIdForOwnerOrGroupAndThrowIfDeclined,71,NO_COVERAGE,none
RestApiAccessService.java,org.ow2.proactive.catalog.service.RestApiAccessService,null,checkAccessBySessionIdToOwnerOrGroup,87,NO_COVERAGE,none
CatalogObjectFetcher.java,org.ow2.proactive.catalog.graphql.fetcher.CatalogObjectFetcher$CatalogObjectMapper,null,apply,171,NO_COVERAGE,none
CatalogObjectFetcher.java,org.ow2.proactive.catalog.graphql.fetcher.CatalogObjectFetcher$CatalogObjectMapper,"",generatLink,180,NO_COVERAGE,none
CatalogObjectFetcher.java,org.ow2.proactive.catalog.graphql.fetcher.CatalogObjectFetcher$CatalogObjectMapper,"A",generatLink,180,NO_COVERAGE,none
CatalogObjectFetcher.java,org.ow2.proactive.catalog.graphql.fetcher.CatalogObjectFetcher$CatalogObjectMapper,null,generatLink,180,NO_COVERAGE,none
CatalogObjectRevisionController.java,org.ow2.proactive.catalog.rest.controller.CatalogObjectRevisionController,null,create,97,NO_COVERAGE,none
CatalogObjectRevisionController.java,org.ow2.proactive.catalog.rest.controller.CatalogObjectRevisionController,null,get,119,NO_COVERAGE,none
CatalogObjectRevisionController.java,org.ow2.proactive.catalog.rest.controller.CatalogObjectRevisionController,null,getRaw,140,NO_COVERAGE,none
CatalogObjectRevisionController.java,org.ow2.proactive.catalog.rest.controller.CatalogObjectRevisionController,null,list,160,NO_COVERAGE,none
Rule.java,org.ow2.proactive.catalog.util.parser.pcw.rule.model.Rule,false,canEqual,35,NO_COVERAGE,none
Rule.java,org.ow2.proactive.catalog.util.parser.pcw.rule.model.Rule,true,canEqual,35,NO_COVERAGE,none
Rule.java,org.ow2.proactive.catalog.util.parser.pcw.rule.model.Rule,false,equals,35,NO_COVERAGE,none
Rule.java,org.ow2.proactive.catalog.util.parser.pcw.rule.model.Rule,true,equals,35,NO_COVERAGE,none
PageInfo.java,org.ow2.proactive.catalog.graphql.bean.argument.PageInfo,false,canEqual,39,NO_COVERAGE,none
PageInfo.java,org.ow2.proactive.catalog.graphql.bean.argument.PageInfo,true,canEqual,39,NO_COVERAGE,none
PageInfo.java,org.ow2.proactive.catalog.graphql.bean.argument.PageInfo,false,equals,39,NO_COVERAGE,none
PageInfo.java,org.ow2.proactive.catalog.graphql.bean.argument.PageInfo,true,equals,39,NO_COVERAGE,none
CatalogObjectMetadataList.java,org.ow2.proactive.catalog.dto.CatalogObjectMetadataList,false,canEqual,39,NO_COVERAGE,none
CatalogObjectMetadataList.java,org.ow2.proactive.catalog.dto.CatalogObjectMetadataList,true,canEqual,39,NO_COVERAGE,none
CatalogObjectMetadataList.java,org.ow2.proactive.catalog.dto.CatalogObjectMetadataList,false,equals,39,NO_COVERAGE,none
CatalogObjectMetadataList.java,org.ow2.proactive.catalog.dto.CatalogObjectMetadataList,true,equals,39,NO_COVERAGE,none
CatalogRawObject.java,org.ow2.proactive.catalog.dto.CatalogRawObject,false,canEqual,40,NO_COVERAGE,none
CatalogRawObject.java,org.ow2.proactive.catalog.dto.CatalogRawObject,true,canEqual,40,NO_COVERAGE,none
CatalogRawObject.java,org.ow2.proactive.catalog.dto.CatalogRawObject,false,equals,40,NO_COVERAGE,none
CatalogRawObject.java,org.ow2.proactive.catalog.dto.CatalogRawObject,true,equals,40,NO_COVERAGE,none
CatalogObjectMetadata.java,org.ow2.proactive.catalog.dto.CatalogObjectMetadata,false,canEqual,50,NO_COVERAGE,none
CatalogObjectMetadata.java,org.ow2.proactive.catalog.dto.CatalogObjectMetadata,true,canEqual,50,NO_COVERAGE,none
CatalogObjectMetadata.java,org.ow2.proactive.catalog.dto.CatalogObjectMetadata,false,equals,50,NO_COVERAGE,none
CatalogObjectMetadata.java,org.ow2.proactive.catalog.dto.CatalogObjectMetadata,true,equals,50,NO_COVERAGE,none
CatalogQueryLanguageParser.java,org.ow2.proactive.catalog.rest.query.parser.CatalogQueryLanguageParser$ClauseExpressionContext,null,accept,202,NO_COVERAGE,none
CatalogQueryLanguageParser.java,org.ow2.proactive.catalog.rest.query.parser.CatalogQueryLanguageParser$ClauseExpressionContext,null,clause,189,NO_COVERAGE,none
CatalogQueryLanguageParser.java,org.ow2.proactive.catalog.rest.query.parser.CatalogQueryLanguageParser$ClauseExpressionContext,void,enterRule,194,NO_COVERAGE,none
CatalogQueryLanguageParser.java,org.ow2.proactive.catalog.rest.query.parser.CatalogQueryLanguageParser$ClauseExpressionContext,void,exitRule,198,NO_COVERAGE,none
NodeInformation.java,org.ow2.proactive.catalog.util.parser.pcw.rule.model.NodeInformation,false,canEqual,35,NO_COVERAGE,none
NodeInformation.java,org.ow2.proactive.catalog.util.parser.pcw.rule.model.NodeInformation,true,canEqual,35,NO_COVERAGE,none
NodeInformation.java,org.ow2.proactive.catalog.util.parser.pcw.rule.model.NodeInformation,false,equals,35,NO_COVERAGE,none
NodeInformation.java,org.ow2.proactive.catalog.util.parser.pcw.rule.model.NodeInformation,true,equals,35,NO_COVERAGE,none
Operations.java,org.ow2.proactive.catalog.graphql.bean.common.Operations,null,fromValue,60,NO_COVERAGE,none
Operations.java,org.ow2.proactive.catalog.graphql.bean.common.Operations,"",getName,56,NO_COVERAGE,none
Operations.java,org.ow2.proactive.catalog.graphql.bean.common.Operations,"A",getName,56,NO_COVERAGE,none
Operations.java,org.ow2.proactive.catalog.graphql.bean.common.Operations,null,getName,56,NO_COVERAGE,none
CatalogObject.java,org.ow2.proactive.catalog.graphql.bean.CatalogObject,false,canEqual,43,NO_COVERAGE,none
CatalogObject.java,org.ow2.proactive.catalog.graphql.bean.CatalogObject,true,canEqual,43,NO_COVERAGE,none
CatalogObject.java,org.ow2.proactive.catalog.graphql.bean.CatalogObject,false,equals,43,NO_COVERAGE,none
CatalogObject.java,org.ow2.proactive.catalog.graphql.bean.CatalogObject,true,equals,43,NO_COVERAGE,none
WhereArgs.java,org.ow2.proactive.catalog.graphql.bean.argument.WhereArgs,false,canEqual,37,NO_COVERAGE,none
WhereArgs.java,org.ow2.proactive.catalog.graphql.bean.argument.WhereArgs,true,canEqual,37,NO_COVERAGE,none
WhereArgs.java,org.ow2.proactive.catalog.graphql.bean.argument.WhereArgs,false,equals,37,NO_COVERAGE,none
WhereArgs.java,org.ow2.proactive.catalog.graphql.bean.argument.WhereArgs,true,equals,37,NO_COVERAGE,none
CatalogObjectAndOrGroupFilterHandler.java,org.ow2.proactive.catalog.graphql.handler.catalogobject.CatalogObjectAndOrGroupFilterHandler$CatalogObjectWhereArgsTreeNode,false,canEqual,232,NO_COVERAGE,none
CatalogObjectAndOrGroupFilterHandler.java,org.ow2.proactive.catalog.graphql.handler.catalogobject.CatalogObjectAndOrGroupFilterHandler$CatalogObjectWhereArgsTreeNode,true,canEqual,232,NO_COVERAGE,none
CatalogObjectAndOrGroupFilterHandler.java,org.ow2.proactive.catalog.graphql.handler.catalogobject.CatalogObjectAndOrGroupFilterHandler$CatalogObjectWhereArgsTreeNode,false,equals,232,NO_COVERAGE,none
CatalogObjectAndOrGroupFilterHandler.java,org.ow2.proactive.catalog.graphql.handler.catalogobject.CatalogObjectAndOrGroupFilterHandler$CatalogObjectWhereArgsTreeNode,true,equals,232,NO_COVERAGE,none
StringWhereArgs.java,org.ow2.proactive.catalog.graphql.bean.argument.StringWhereArgs,false,canEqual,39,NO_COVERAGE,none
StringWhereArgs.java,org.ow2.proactive.catalog.graphql.bean.argument.StringWhereArgs,true,canEqual,39,NO_COVERAGE,none
StringWhereArgs.java,org.ow2.proactive.catalog.graphql.bean.argument.StringWhereArgs,false,equals,39,NO_COVERAGE,none
StringWhereArgs.java,org.ow2.proactive.catalog.graphql.bean.argument.StringWhereArgs,true,equals,39,NO_COVERAGE,none
CatalogQueryLanguageParser.java,org.ow2.proactive.catalog.rest.query.parser.CatalogQueryLanguageParser$StartContext,null,accept,104,NO_COVERAGE,none
CatalogQueryLanguageParser.java,org.ow2.proactive.catalog.rest.query.parser.CatalogQueryLanguageParser$StartContext,void,enterRule,96,NO_COVERAGE,none
CatalogQueryLanguageParser.java,org.ow2.proactive.catalog.rest.query.parser.CatalogQueryLanguageParser$StartContext,void,exitRule,100,NO_COVERAGE,none
CatalogQueryLanguageParser.java,org.ow2.proactive.catalog.rest.query.parser.CatalogQueryLanguageParser$StartContext,null,expression,88,NO_COVERAGE,none
ExceptionRepresentation.java,org.ow2.proactive.catalog.rest.exceptiohandler.ExceptionRepresentation,false,canEqual,34,NO_COVERAGE,none
ExceptionRepresentation.java,org.ow2.proactive.catalog.rest.exceptiohandler.ExceptionRepresentation,true,canEqual,34,NO_COVERAGE,none
ExceptionRepresentation.java,org.ow2.proactive.catalog.rest.exceptiohandler.ExceptionRepresentation,false,equals,34,NO_COVERAGE,none
ExceptionRepresentation.java,org.ow2.proactive.catalog.rest.exceptiohandler.ExceptionRepresentation,true,equals,34,NO_COVERAGE,none
ArchiveManagerHelper.java,org.ow2.proactive.catalog.util.ArchiveManagerHelper,void,checkAndAddFileFromZip,171,NO_COVERAGE,none
ArchiveManagerHelper.java,org.ow2.proactive.catalog.util.ArchiveManagerHelper,null,compressZIP,117,NO_COVERAGE,none
ArchiveManagerHelper.java,org.ow2.proactive.catalog.util.ArchiveManagerHelper,null,extractZIP,150,NO_COVERAGE,none
ArchiveManagerHelper.java,org.ow2.proactive.catalog.util.ArchiveManagerHelper,null,process,184,NO_COVERAGE,none
CatalogObjectMetadataArgs.java,org.ow2.proactive.catalog.graphql.bean.argument.CatalogObjectMetadataArgs,false,canEqual,39,NO_COVERAGE,none
CatalogObjectMetadataArgs.java,org.ow2.proactive.catalog.graphql.bean.argument.CatalogObjectMetadataArgs,true,canEqual,39,NO_COVERAGE,none
CatalogObjectMetadataArgs.java,org.ow2.proactive.catalog.graphql.bean.argument.CatalogObjectMetadataArgs,false,equals,39,NO_COVERAGE,none
CatalogObjectMetadataArgs.java,org.ow2.proactive.catalog.graphql.bean.argument.CatalogObjectMetadataArgs,true,equals,39,NO_COVERAGE,none
BucketController.java,org.ow2.proactive.catalog.rest.controller.BucketController,null,create,93,KILLED,org.ow2.proactive.catalog.rest.controller.BucketControllerTest.testCreate(org.ow2.proactive.catalog.rest.controller.BucketControllerTest)
BucketController.java,org.ow2.proactive.catalog.rest.controller.BucketController,null,delete,161,NO_COVERAGE,none
BucketController.java,org.ow2.proactive.catalog.rest.controller.BucketController,null,getMetadata,111,KILLED,org.ow2.proactive.catalog.rest.controller.BucketControllerTest.testGetMetadata(org.ow2.proactive.catalog.rest.controller.BucketControllerTest)
BucketController.java,org.ow2.proactive.catalog.rest.controller.BucketController,null,list,126,KILLED,org.ow2.proactive.catalog.rest.controller.BucketControllerTest.testList(org.ow2.proactive.catalog.rest.controller.BucketControllerTest)
AuthenticatedUser.java,org.ow2.proactive.catalog.service.model.AuthenticatedUser$AuthenticatedUserBuilder,null,build,39,NO_COVERAGE,none
AuthenticatedUser.java,org.ow2.proactive.catalog.service.model.AuthenticatedUser$AuthenticatedUserBuilder,null,groups,39,NO_COVERAGE,none
AuthenticatedUser.java,org.ow2.proactive.catalog.service.model.AuthenticatedUser$AuthenticatedUserBuilder,null,name,39,NO_COVERAGE,none
Arguments.java,org.ow2.proactive.catalog.graphql.bean.common.Arguments,"",getName,41,NO_COVERAGE,none
Arguments.java,org.ow2.proactive.catalog.graphql.bean.common.Arguments,"A",getName,41,NO_COVERAGE,none
Arguments.java,org.ow2.proactive.catalog.graphql.bean.common.Arguments,null,getName,41,NO_COVERAGE,none
BucketEntityMetaModelEnum.java,org.ow2.proactive.catalog.repository.entity.metamodel.BucketEntityMetaModelEnum,"",getName,42,NO_COVERAGE,none
BucketEntityMetaModelEnum.java,org.ow2.proactive.catalog.repository.entity.metamodel.BucketEntityMetaModelEnum,"A",getName,42,NO_COVERAGE,none
BucketEntityMetaModelEnum.java,org.ow2.proactive.catalog.repository.entity.metamodel.BucketEntityMetaModelEnum,null,getName,42,NO_COVERAGE,none
BucketEntity.java,org.ow2.proactive.catalog.repository.entity.BucketEntity,void,addCatalogObject,96,NO_COVERAGE,none
BucketEntity.java,org.ow2.proactive.catalog.repository.entity.BucketEntity,false,equals,102,NO_COVERAGE,none
BucketEntity.java,org.ow2.proactive.catalog.repository.entity.BucketEntity,true,equals,102,NO_COVERAGE,none
GenericInfoBucketData.java,org.ow2.proactive.catalog.service.model.GenericInfoBucketData$GenericInfoBucketDataBuilder,null,bucketName,37,NO_COVERAGE,none
GenericInfoBucketData.java,org.ow2.proactive.catalog.service.model.GenericInfoBucketData$GenericInfoBucketDataBuilder,null,build,37,NO_COVERAGE,none
GenericInfoBucketData.java,org.ow2.proactive.catalog.service.model.GenericInfoBucketData$GenericInfoBucketDataBuilder,null,group,37,NO_COVERAGE,none
Types.java,org.ow2.proactive.catalog.graphql.bean.common.Types,"",getName,40,NO_COVERAGE,none
Types.java,org.ow2.proactive.catalog.graphql.bean.common.Types,"A",getName,40,NO_COVERAGE,none
Types.java,org.ow2.proactive.catalog.graphql.bean.common.Types,null,getName,40,NO_COVERAGE,none
CatalogObjectAndOrGroupFilterHandler.java,org.ow2.proactive.catalog.graphql.handler.catalogobject.CatalogObjectAndOrGroupFilterHandler,null,buildFinalSpecification,132,NO_COVERAGE,none
CatalogObjectAndOrGroupFilterHandler.java,org.ow2.proactive.catalog.graphql.handler.catalogobject.CatalogObjectAndOrGroupFilterHandler,void,init,84,NO_COVERAGE,none
CatalogObjectAndOrGroupFilterHandler.java,org.ow2.proactive.catalog.graphql.handler.catalogobject.CatalogObjectAndOrGroupFilterHandler,null,postOrderTraverseWhereArgsToHaveTreeNodes,185,NO_COVERAGE,none
RevisionCommitMessageBuilder.java,org.ow2.proactive.catalog.util.RevisionCommitMessageBuilder,"",build,37,NO_COVERAGE,none
RevisionCommitMessageBuilder.java,org.ow2.proactive.catalog.util.RevisionCommitMessageBuilder,"A",build,37,NO_COVERAGE,none
RevisionCommitMessageBuilder.java,org.ow2.proactive.catalog.util.RevisionCommitMessageBuilder,null,build,37,NO_COVERAGE,none
CatalogObjectEntityMetaModelEnum.java,org.ow2.proactive.catalog.repository.entity.metamodel.CatalogObjectEntityMetaModelEnum,"",getName,51,NO_COVERAGE,none
CatalogObjectEntityMetaModelEnum.java,org.ow2.proactive.catalog.repository.entity.metamodel.CatalogObjectEntityMetaModelEnum,"A",getName,51,NO_COVERAGE,none
CatalogObjectEntityMetaModelEnum.java,org.ow2.proactive.catalog.repository.entity.metamodel.CatalogObjectEntityMetaModelEnum,null,getName,51,NO_COVERAGE,none
GraphqlService.java,org.ow2.proactive.catalog.service.GraphqlService,null,buildRuntimeWiring,82,NO_COVERAGE,none
GraphqlService.java,org.ow2.proactive.catalog.service.GraphqlService,null,executeQuery,91,NO_COVERAGE,none
GraphqlService.java,org.ow2.proactive.catalog.service.GraphqlService,void,init,69,NO_COVERAGE,none
RestApiAccessResponse.java,org.ow2.proactive.catalog.service.model.RestApiAccessResponse$RestApiAccessResponseBuilder,null,authenticatedUser,39,NO_COVERAGE,none
RestApiAccessResponse.java,org.ow2.proactive.catalog.service.model.RestApiAccessResponse$RestApiAccessResponseBuilder,null,authorized,39,NO_COVERAGE,none
RestApiAccessResponse.java,org.ow2.proactive.catalog.service.model.RestApiAccessResponse$RestApiAccessResponseBuilder,null,build,39,NO_COVERAGE,none
Fields.java,org.ow2.proactive.catalog.graphql.bean.common.Fields,"",getName,48,NO_COVERAGE,none
Fields.java,org.ow2.proactive.catalog.graphql.bean.common.Fields,"A",getName,48,NO_COVERAGE,none
Fields.java,org.ow2.proactive.catalog.graphql.bean.common.Fields,null,getName,48,NO_COVERAGE,none
BucketNameValidator.java,org.ow2.proactive.catalog.util.BucketNameValidator,false,checkBucketName,52,NO_COVERAGE,none
BucketNameValidator.java,org.ow2.proactive.catalog.util.BucketNameValidator,true,checkBucketName,52,NO_COVERAGE,none
GenericInformationAdder.java,org.ow2.proactive.catalog.service.GenericInformationAdder,empty,addGenericInformationToRawObjectIfWorkflow,48,NO_COVERAGE,none
GenericInformationAdder.java,org.ow2.proactive.catalog.service.GenericInformationAdder,null,addGenericInformationToRawObjectIfWorkflow,48,NO_COVERAGE,none
CatalogObjectFetcher.java,org.ow2.proactive.catalog.graphql.fetcher.CatalogObjectFetcher,null,createPageRequest,124,NO_COVERAGE,none
CatalogObjectFetcher.java,org.ow2.proactive.catalog.graphql.fetcher.CatalogObjectFetcher,null,get,94,NO_COVERAGE,none
KindSpecification.java,org.ow2.proactive.catalog.repository.specification.catalogobject.KindSpecification,null,buildPredicate,62,NO_COVERAGE,none
KindSpecification.java,org.ow2.proactive.catalog.repository.specification.catalogobject.KindSpecification,null,builder,51,NO_COVERAGE,none
Metadata.java,org.ow2.proactive.catalog.dto.Metadata,false,equals,63,NO_COVERAGE,none
Metadata.java,org.ow2.proactive.catalog.dto.Metadata,true,equals,63,NO_COVERAGE,none
CatalogNameSpecification.java,org.ow2.proactive.catalog.repository.specification.catalogobject.CatalogNameSpecification,null,buildPredicate,62,NO_COVERAGE,none
CatalogNameSpecification.java,org.ow2.proactive.catalog.repository.specification.catalogobject.CatalogNameSpecification,null,builder,51,NO_COVERAGE,none
KeyValueSpecification.java,org.ow2.proactive.catalog.repository.specification.catalogobject.KeyValueSpecification,null,buildPredicate,66,NO_COVERAGE,none
KeyValueSpecification.java,org.ow2.proactive.catalog.repository.specification.catalogobject.KeyValueSpecification,null,builder,55,NO_COVERAGE,none
CatalogObjectEntity.java,org.ow2.proactive.catalog.repository.entity.CatalogObjectEntity$CatalogObjectEntityKey,false,equals,84,NO_COVERAGE,none
CatalogObjectEntity.java,org.ow2.proactive.catalog.repository.entity.CatalogObjectEntity$CatalogObjectEntityKey,true,equals,84,NO_COVERAGE,none
KeyValueLabelMetadataEntity.java,org.ow2.proactive.catalog.repository.entity.KeyValueLabelMetadataEntity,false,equals,102,NO_COVERAGE,none
KeyValueLabelMetadataEntity.java,org.ow2.proactive.catalog.repository.entity.KeyValueLabelMetadataEntity,true,equals,102,NO_COVERAGE,none
BucketNameSpecification.java,org.ow2.proactive.catalog.repository.specification.catalogobject.BucketNameSpecification,null,buildPredicate,60,NO_COVERAGE,none
BucketNameSpecification.java,org.ow2.proactive.catalog.repository.specification.catalogobject.BucketNameSpecification,null,builder,50,NO_COVERAGE,none
BucketMetadata.java,org.ow2.proactive.catalog.dto.BucketMetadata,false,equals,70,NO_COVERAGE,none
BucketMetadata.java,org.ow2.proactive.catalog.dto.BucketMetadata,true,equals,70,NO_COVERAGE,none
AuthorizationService.java,org.ow2.proactive.catalog.service.AuthorizationService,false,askUserAuthorizationByBucketOwner,48,NO_COVERAGE,none
AuthorizationService.java,org.ow2.proactive.catalog.service.AuthorizationService,true,askUserAuthorizationByBucketOwner,48,NO_COVERAGE,none
OrderBy.java,org.ow2.proactive.catalog.graphql.bean.argument.OrderBy,null,fromValue,53,NO_COVERAGE,none
DefaultSpecification.java,org.ow2.proactive.catalog.repository.specification.catalogobject.DefaultSpecification,null,toPredicate,49,NO_COVERAGE,none
ExceptionHandlerController.java,org.ow2.proactive.catalog.rest.exceptiohandler.ExceptionHandlerController,null,resolveAnnotatedResponseStatus,64,NO_COVERAGE,none
CatalogObjectNameFilterHandler.java,org.ow2.proactive.catalog.graphql.handler.catalogobject.CatalogObjectNameFilterHandler,null,handle,51,NO_COVERAGE,none
OrSpecification.java,org.ow2.proactive.catalog.repository.specification.catalogobject.OrSpecification,null,builder,49,NO_COVERAGE,none
CatalogObjectJSONParser.java,org.ow2.proactive.catalog.util.CatalogObjectJSONParser,null,parseJSONFile,46,NO_COVERAGE,none
KeyValueEntityToDtoTransformer.java,org.ow2.proactive.catalog.util.KeyValueEntityToDtoTransformer,null,to,43,NO_COVERAGE,none
RawObjectResponseCreator.java,org.ow2.proactive.catalog.util.RawObjectResponseCreator,null,createRawObjectResponse,52,NO_COVERAGE,none
AndSpecification.java,org.ow2.proactive.catalog.repository.specification.catalogobject.AndSpecification,null,builder,47,NO_COVERAGE,none
CatalogObjectMetadataFilterHandler.java,org.ow2.proactive.catalog.graphql.handler.catalogobject.CatalogObjectMetadataFilterHandler,null,handle,50,NO_COVERAGE,none
AndOrSpecification.java,org.ow2.proactive.catalog.repository.specification.catalogobject.AndOrSpecification,null,buildPredicate,59,NO_COVERAGE,none
CatalogObjectBucketNameFilterHandler.java,org.ow2.proactive.catalog.graphql.handler.catalogobject.CatalogObjectBucketNameFilterHandler,null,handle,51,NO_COVERAGE,none
CatalogObjectParserFactory.java,org.ow2.proactive.catalog.util.parser.CatalogObjectParserFactory,null,getParser,42,NO_COVERAGE,none
CatalogObjectKindFilterHandler.java,org.ow2.proactive.catalog.graphql.handler.catalogobject.CatalogObjectKindFilterHandler,null,handle,51,NO_COVERAGE,none
DefaultCatalogObjectParser.java,org.ow2.proactive.catalog.util.parser.DefaultCatalogObjectParser,null,parse,45,NO_COVERAGE,none
SchedulerRestClientCreator.java,org.ow2.proactive.catalog.service.SchedulerRestClientCreator,null,getNewClientInitializedWithSchedulerRestUrl,48,NO_COVERAGE,none
SchedulerUserAuthenticationService.java,org.ow2.proactive.catalog.service.SchedulerUserAuthenticationService,null,authenticateBySessionId,55,NO_COVERAGE,none
SwaggerController.java,org.ow2.proactive.catalog.rest.controller.SwaggerController,null,swagger,43,NO_COVERAGE,none
